{"schemaVersion":"1.0","appDefinitionTemplate":{"id":"/providers/Microsoft.PowerApps/apps/","type":"Microsoft.PowerApps/apps","tags":{"primaryDeviceWidth":"640","primaryDeviceHeight":"1136","supportsPortrait":"true","supportsLandscape":"true","primaryFormFactor":"Phone","publisherVersion":"3.22062.5","minimumRequiredApiVersion":"2.2.0","hasComponent":"true","hasUnlockedComponent":"true","isUnifiedRootApp":"false","sienaVersion":"20220627T191411Z-3.22062.5.0"},"properties":{"appVersion":"2022-06-27T19:14:11Z","lifeCycleId":"Published","createdByClientVersion":{"major":3,"minor":22062,"build":5,"revision":0,"majorRevision":0,"minorRevision":0},"minClientVersion":{"major":3,"minor":22062,"build":5,"revision":0,"majorRevision":0,"minorRevision":0},"backgroundColor":"rgba(255, 255, 255, 1)","backgroundImageUri":"/4906328398497255177/Nf0631fa4-9565-4a34-867d-2117d51bfe75-logoSmallFile","displayName":"Mr Blobby","description":"Just for fun! By @kristinekk94","commitMessage":"","appUris":{"documentUri":{"value":"/4906328398497255177/Nf7375615-9135-4d1e-baa8-f5abcf5b513e-document.msapp"},"imageUris":[]},"createdTime":"0001-01-01T00:00:00Z","lastModifiedTime":"0001-01-01T00:00:00Z","sharedGroupsCount":0,"sharedUsersCount":0,"icons":{"smallIconUri":"/4906328398497255177/N5b0f8590-4406-4966-b314-1cce426a6912-small.png","mediumIconUri":"/4906328398497255177/Nbe23eb03-b6fa-44ed-9199-d266796e520a-medium.png","largeIconUri":"/4906328398497255177/Nb280f84a-2307-4a6c-9d4a-eb64eeb85005-large.png","wideIconUri":"/4906328398497255177/N9371c4d4-fd6b-4e9c-b301-770d72906b98-wide.png"},"connectionReferences":{"5d12b87e-225c-44a9-9a2b-e8fff7e3760d":{"id":"039d3412-7cb6-43e0-8db5-2e51e4db1dcc","displayName":"Office 365 Users","iconUri":"https://connectoricons-prod.azureedge.net/releases/v1.0.1573/1.0.1573.2770/office365users/icon.png","dataSources":["Office365Users"],"dependencies":[],"dependents":[],"parameterHints":{},"parameterHintsV2":{},"isOnPremiseConnection":false,"bypassConsent":false,"dataSets":{},"apiTier":"Standard","isCustomApiConnection":false}},"databaseReferences":{},"almMode":"Environment","performanceOptimizationEnabled":true,"canConsumeAppPass":true,"executionRestrictions":{"isTeamsOnly":false,"dataLossPreventionEvaluationResult":{"status":"Compliant","lastEvaluationDate":"2022-06-26T23:14:52.1792883Z","violations":[],"violationsByPolicy":[],"violationErrorMessage":"The app uses the following connectors: shared_office365users."}}},"appType":"ClassicCanvasApp","appComponents":[]}}