{"schemaVersion":"1.0","appDefinitionTemplate":{"id":"/providers/Microsoft.PowerApps/apps/","type":"Microsoft.PowerApps/apps","tags":{"primaryDeviceWidth":"640","primaryDeviceHeight":"1136","supportsPortrait":"true","supportsLandscape":"true","primaryFormFactor":"Phone","publisherVersion":"3.22062.5","minimumRequiredApiVersion":"2.2.0","hasComponent":"true","hasUnlockedComponent":"true","isUnifiedRootApp":"false","sienaVersion":"20220628T213043Z-3.22062.5.0"},"properties":{"appVersion":"2022-06-28T21:30:43Z","lifeCycleId":"Published","createdByClientVersion":{"major":3,"minor":22062,"build":5,"revision":0,"majorRevision":0,"minorRevision":0},"minClientVersion":{"major":3,"minor":22062,"build":5,"revision":0,"majorRevision":0,"minorRevision":0},"backgroundColor":"rgba(255, 255, 255, 1)","backgroundImageUri":"/4906328398497255177/Nf372de7b-54aa-4078-83e9-ec173bd7c425-logoSmallFile","displayName":"Mr Blobby","description":"Just for fun! By @kristinekk94","commitMessage":"","appUris":{"documentUri":{"value":"/4906328398497255177/Na3b5088d-67b8-4cf0-a097-044cadff0171-document.msapp"},"imageUris":[]},"createdTime":"0001-01-01T00:00:00Z","lastModifiedTime":"0001-01-01T00:00:00Z","sharedGroupsCount":0,"sharedUsersCount":0,"icons":{"smallIconUri":"/4906328398497255177/N86e296fe-3eee-4cd6-848c-10165d57673a-small.png","mediumIconUri":"/4906328398497255177/N439f6f6f-4dc3-4d7f-af2a-0bf709d7183e-medium.png","largeIconUri":"/4906328398497255177/N63059ee6-467d-4e16-9d80-468bcc40d8c9-large.png","wideIconUri":"/4906328398497255177/N73d6a78a-518a-45d1-ba6e-01089f3324f4-wide.png"},"connectionReferences":{"5d12b87e-225c-44a9-9a2b-e8fff7e3760d":{"id":"039d3412-7cb6-43e0-8db5-2e51e4db1dcc","displayName":"Office 365 Users","iconUri":"https://connectoricons-prod.azureedge.net/releases/v1.0.1573/1.0.1573.2770/office365users/icon.png","dataSources":["Office365Users"],"dependencies":[],"dependents":[],"parameterHints":{},"parameterHintsV2":{},"isOnPremiseConnection":false,"bypassConsent":false,"dataSets":{},"apiTier":"Standard","isCustomApiConnection":false}},"databaseReferences":{},"almMode":"Environment","performanceOptimizationEnabled":true,"canConsumeAppPass":true,"executionRestrictions":{"isTeamsOnly":false,"dataLossPreventionEvaluationResult":{"status":"Compliant","lastEvaluationDate":"2022-06-26T23:14:52.1792883Z","violations":[],"violationsByPolicy":[],"violationErrorMessage":"The app uses the following connectors: shared_office365users."}}},"appType":"ClassicCanvasApp","appComponents":[]}}